{"stats":{"minecraft:used":{"minecraft:water_bucket":9,"minecraft:stone_sword":33,"minecraft:iron_shovel":23,"minecraft:stone_pickaxe":33,"minecraft:wooden_pickaxe":7,"minecraft:shield":14,"minecraft:stone_hoe":34,"minecraft:rotten_flesh":2,"minecraft:white_wool":1,"minecraft:mutton":2,"minecraft:crafting_table":4,"minecraft:blast_furnace":1,"minecraft:white_bed":1,"minecraft:bread":16,"minecraft:stone_axe":53,"minecraft:bucket":10,"minecraft:acacia_planks":3},"minecraft:killed":{"minecraft:cave_spider":1,"minecraft:spider":1,"minecraft:iron_golem":1,"minecraft:sheep":1,"minecraft:pillager":3,"minecraft:zombie":2,"minecraft:chicken":3,"minecraft:cow":9},"minecraft:dropped":{"minecraft:wheat_seeds":3,"minecraft:crafting_table":1,"minecraft:map":5,"minecraft:oak_stairs":1,"minecraft:wooden_pickaxe":2,"slashblade:proudsoul_tiny":1},"minecraft:picked_up":{"minecraft:crafting_table":4,"minecraft:feather":5,"minecraft:chicken":3,"minecraft:leather":10,"minecraft:wooden_pickaxe":1,"minecraft:oak_stairs":1,"minecraft:flint":3,"minecraft:oak_log":4,"minecraft:map":5,"minecraft:dirt":3,"minecraft:string":7,"minecraft:raw_copper":21,"minecraft:acacia_planks":2,"minecraft:wheat_seeds":3,"minecraft:beef":20,"minecraft:iron_ingot":5,"minecraft:lectern":1,"minecraft:bamboo":10,"minecraft:sugar_cane":4,"minecraft:chest":2,"minecraft:egg":1,"minecraft:book":12,"minecraft:stick":2,"minecraft:raw_iron":2,"minecraft:oak_fence":1,"minecraft:acacia_log":6,"minecraft:gravel":18,"minecraft:blast_furnace":2,"minecraft:white_bed":1,"minecraft:dark_oak_log":2,"minecraft:rotten_flesh":3,"minecraft:hay_block":27,"minecraft:coal":19,"minecraft:mutton":2,"minecraft:white_wool":4,"minecraft:cobblestone":18},"minecraft:custom":{"minecraft:mob_kills":22,"minecraft:interact_with_crafting_table":22,"minecraft:leave_game":2,"minecraft:time_since_death":44472,"minecraft:sleep_in_bed":1,"minecraft:climb_one_cm":1175,"minecraft:time_since_rest":2724,"minecraft:sprint_one_cm":120444,"minecraft:damage_taken":745,"minecraft:walk_one_cm":47958,"minecraft:damage_blocked_by_shield":855,"minecraft:drop":9,"minecraft:damage_dealt":3446,"minecraft:swim_one_cm":4608,"minecraft:talked_to_villager":1,"minecraft:fly_one_cm":150819,"minecraft:open_chest":9,"minecraft:crouch_one_cm":6558,"minecraft:play_time":44472,"minecraft:sneak_time":2116,"minecraft:walk_under_water_one_cm":1151,"minecraft:jump":838,"minecraft:interact_with_blast_furnace":4,"minecraft:walk_on_water_one_cm":3681,"minecraft:total_world_time":44472,"minecraft:fall_one_cm":26333},"minecraft:crafted":{"minecraft:oak_planks":16,"sophisticatedbackpacks:backpack":1,"minecraft:crafting_table":2,"minecraft:wooden_pickaxe":1,"minecraft:furnace":1,"minecraft:copper_ingot":21,"minecraft:bucket":1,"minecraft:stone_axe":1,"minecraft:bread":80,"minecraft:air":0,"sophisticatedbackpacks:copper_backpack":1,"minecraft:shield":1,"minecraft:stick":12,"minecraft:stone_pickaxe":1,"minecraft:stone_sword":1,"minecraft:chest":2,"minecraft:iron_shovel":1,"minecraft:white_bed":1,"minecraft:acacia_planks":24,"minecraft:dark_oak_planks":20,"minecraft:torch":8,"minecraft:stone_hoe":1,"minecraft:wheat":243},"minecraft:mined":{"minecraft:white_bed":1,"biomesoplenty:desert_grass":1,"minecraft:dark_oak_log":2,"minecraft:dandelion":1,"minecraft:oak_fence":1,"minecraft:crafting_table":3,"minecraft:acacia_log":6,"minecraft:blast_furnace":2,"minecraft:grass_block":3,"minecraft:lectern":1,"minecraft:tall_grass":4,"minecraft:copper_ore":5,"minecraft:sugar_cane":4,"minecraft:hay_block":27,"minecraft:iron_ore":2,"treechop:chopped_log":1,"minecraft:grass":19,"minecraft:bookshelf":4,"minecraft:coal_ore":12,"minecraft:oak_stairs":1,"biomesoplenty:webbing":14,"minecraft:gravel":21,"biomesoplenty:stringy_cobweb":1,"minecraft:cobweb":4,"minecraft:bamboo":1,"minecraft:acacia_planks":3,"biomesoplenty:spider_egg":1,"minecraft:stone":18,"minecraft:white_wool":4,"minecraft:oak_leaves":2,"minecraft:fern":2}},"DataVersion":3465}