{"stats":{"minecraft:used":{"minecraft:cooked_mutton":2,"minecraft:stone_sword":13,"minecraft:stone_pickaxe":41,"minecraft:iron_pickaxe":15,"minecraft:wooden_pickaxe":9,"minecraft:torch":4,"minecraft:stone_axe":7,"minecraft:dirt":6,"minecraft:crafting_table":2,"minecraft:furnace":2,"minecraft:oak_sapling":1,"minecraft:white_bed":1},"minecraft:dropped":{"minecraft:wheat_seeds":3,"minecraft:rotten_flesh":2},"minecraft:killed":{"minecraft:sheep":3,"minecraft:cow":2},"minecraft:picked_up":{"minecraft:crafting_table":1,"slashblade:proudsoul_tiny":1,"minecraft:stick":9,"minecraft:raw_iron":4,"minecraft:torch":1,"minecraft:oak_log":8,"minecraft:white_bed":1,"minecraft:dirt":16,"minecraft:rotten_flesh":2,"minecraft:wheat_seeds":3,"minecraft:beef":5,"minecraft:oak_sapling":2,"minecraft:mutton":5,"minecraft:coal":21,"minecraft:white_wool":3,"minecraft:cobblestone":36,"minecraft:furnace":2},"minecraft:custom":{"minecraft:time_since_rest":2314,"minecraft:interact_with_furnace":9,"minecraft:sprint_one_cm":41530,"minecraft:damage_taken":60,"minecraft:walk_one_cm":70167,"minecraft:mob_kills":5,"minecraft:drop":5,"minecraft:damage_dealt":440,"minecraft:interact_with_crafting_table":10,"minecraft:fly_one_cm":56816,"minecraft:open_chest":2,"minecraft:crouch_one_cm":1377,"minecraft:play_time":47171,"minecraft:sneak_time":587,"minecraft:jump":433,"minecraft:leave_game":2,"minecraft:walk_on_water_one_cm":406,"minecraft:time_since_death":47171,"minecraft:sleep_in_bed":2,"minecraft:climb_one_cm":62,"minecraft:total_world_time":47171,"minecraft:fall_one_cm":13352},"minecraft:crafted":{"minecraft:cooked_beef":5,"minecraft:oak_planks":32,"minecraft:shield":1,"minecraft:crafting_table":2,"minecraft:stick":8,"minecraft:iron_ingot":4,"minecraft:wooden_pickaxe":1,"minecraft:iron_pickaxe":1,"minecraft:stone_pickaxe":1,"minecraft:stone_sword":1,"minecraft:furnace":2,"minecraft:white_bed":1,"minecraft:torch":8,"minecraft:stone_axe":1,"minecraft:air":0,"minecraft:cooked_mutton":5},"minecraft:mined":{"minecraft:white_bed":1,"minecraft:furnace":2,"minecraft:iron_ore":4,"treechop:chopped_log":2,"minecraft:crafting_table":1,"minecraft:grass":14,"minecraft:coal_ore":21,"minecraft:grass_block":3,"minecraft:oak_log":1,"minecraft:dirt":13,"minecraft:tall_grass":2,"minecraft:stone":36,"minecraft:wall_torch":1,"minecraft:oak_leaves":3}},"DataVersion":3465}